轮次,学习率,训练损失,训练准确率,验证损失,验证准确率,本轮耗时（秒）,累计耗时（秒）
1,0.1,1.5111455614301894,0.44162222222222225,1.738355567741394,0.4722,22.34817910000129,22.348182499999893
2,0.1,1.028045259306166,0.632,1.0585768363952637,0.6366,22.08048570000028,44.43659920000027
3,0.1,0.8523291986253526,0.6978444444444445,0.857958645248413,0.708,22.094024200001513,66.53726559999996
4,0.1,0.7343588290956286,0.7409555555555556,0.8170341476917267,0.722,22.053194100000837,88.5974839999999
5,0.1,0.646647161632114,0.7748888888888888,0.6476101374149322,0.772,22.031438699999853,110.63612990000001
6,0.1,0.5810024434089661,0.7989555555555555,0.6249438965797425,0.7884,22.099933800000144,132.74331750000056
7,0.1,0.5326771539794074,0.8159111111111111,0.5807302835464477,0.804,22.17333150000013,154.9232490000013
8,0.1,0.49202692329618664,0.8299555555555556,0.5461908489227295,0.8222,22.1185441000016,177.04912540000078
9,0.1,0.4653823074473275,0.8377111111111111,0.5302901991844178,0.8228,22.077382899999066,199.1346964000004
10,0.1,0.43723912732866077,0.8489111111111111,0.4459525511741638,0.8518,22.137216900000567,221.2791257000008
11,0.1,0.4132351793501112,0.8573555555555555,0.7133408483743667,0.7942,22.07816819999971,243.36478270000043
12,0.1,0.399753597969479,0.8602666666666666,0.5314293224334716,0.825,22.149750500000664,265.5146526999997
13,0.1,0.37986517967118155,0.8681333333333333,0.5031028280735016,0.837,22.060977500001172,287.5757579000001
14,0.1,0.3643530937830607,0.8729555555555556,0.4707916921615601,0.846,22.083158299999923,309.65904170000067
15,0.1,0.35696784062915377,0.8749555555555556,0.4905552526473999,0.84,22.229513000000225,331.8886749000012
16,0.1,0.3445368177202013,0.8814,0.5396100551366806,0.8282,22.080069399999047,353.96885570000086
17,0.1,0.3318675659497579,0.8860888888888889,0.5144352403640747,0.8362,22.035865099998773,376.0048794000013
18,0.1,0.32482197597556645,0.8876666666666667,0.41461859307289123,0.869,22.124524400000155,398.1295220000011
19,0.1,0.3151804732852512,0.8918,0.5273609835624695,0.8312,22.064316100000724,420.2008837000012
20,0.1,0.3155856827735901,0.8917111111111111,0.49435464828014375,0.8476,22.05929610000021,442.2602917000004
21,0.1,0.3078575159072876,0.8938,0.4961369626522064,0.8422,22.124465099999725,464.3848740000012
22,0.1,0.2986319162276056,0.8970444444444444,0.47513123788833617,0.8458,22.058562000000165,486.4436244000008
23,0.1,0.293025665251414,0.8981111111111111,0.5700690050125122,0.8292,22.165115299998433,508.60885770000095
24,0.1,0.28801055104997425,0.9031777777777777,0.38661276252269744,0.876,22.076023200001146,530.6850004000007
25,0.1,0.28318395858340795,0.9018666666666667,0.3885729197978973,0.8676,22.02678249999917,552.7195146000013
26,0.1,0.2794101654635535,0.9038,0.44232069063186646,0.8656,22.12390570000025,574.8435423999999
27,0.1,0.2706401649687025,0.9065555555555556,0.5369645783424377,0.835,22.066477000000305,596.9101410000003
28,0.1,0.2729929207060072,0.9056888888888889,0.36366926312446596,0.8794,22.048473199998625,618.9587374000002
29,0.1,0.2627028657648299,0.9085333333333333,0.4196398607254028,0.8718,22.121627399999852,641.0879689000012
30,0.1,0.2626621297372712,0.9088666666666667,0.40141525292396546,0.8722,22.415672900000573,663.5037613000004
31,0.1,0.25680131120151944,0.9106666666666666,0.36843425862789153,0.8818,22.39855720000014,685.9024422000002
32,0.1,0.25372858093447154,0.9132222222222223,0.3878392870903015,0.8716,22.06229979999989,707.9718630000007
33,0.1,0.2516923275417752,0.9128222222222222,0.6364019322752953,0.8144,22.13554479999948,730.1075326000009
34,0.1,0.25490896006690134,0.9117777777777778,0.41427487602233887,0.8682,22.1377164000005,752.2453724000006
35,0.1,0.250145400641693,0.9130444444444444,0.4056065835952759,0.8772,22.14737200000127,774.3928687999996
36,0.1,0.2454017500453525,0.9139777777777778,0.6029528725624085,0.8194,22.093919699998878,796.4869087000006
37,0.1,0.2555388873312208,0.9121333333333334,0.36287161502838133,0.8778,22.163718399999198,818.650752900001
38,0.1,0.23977752153608534,0.9176222222222222,0.4365218282699585,0.8622,22.176399899999524,840.8272631
39,0.1,0.24205494753519693,0.9154666666666667,0.4424430274963379,0.8674,22.18861560000005,863.0160023999997
40,0.1,0.2357683254506853,0.9177777777777778,0.3815998044967651,0.8848,22.176904600000853,885.1930298999996
41,0.1,0.22743076377444796,0.9209333333333334,0.369931693649292,0.885,22.15600070000073,907.3581857000008
42,0.1,0.23650653063456217,0.9171777777777778,0.36104651417732236,0.8842,22.12823220000064,929.4926785000007
43,0.1,0.23285591180059645,0.9173555555555556,0.38493519072532656,0.8812,22.16047659999822,951.6532769000005
44,0.1,0.23106977468596565,0.9202222222222223,0.38787962946891785,0.8744,22.123272599999837,973.7766689
45,0.1,0.2255529517279731,0.9223111111111111,0.4272971137046814,0.8734,22.15712530000019,995.9339135999999
46,0.1,0.22309598132769268,0.9224888888888889,0.5573216741085052,0.826,22.133305100000143,1018.0673383000012
47,0.1,0.2333135708881749,0.9190888888888888,0.37942486944198606,0.8878,22.140740099999675,1040.2081961000004
48,0.1,0.2214278879854414,0.9218,0.4290053607463837,0.8688,22.150224200000594,1062.3651946999998
49,0.1,0.22444455911318462,0.9223555555555556,0.42698308944702146,0.8684,22.133869100000084,1084.4991860999999
50,0.1,0.22761079851256477,0.9202444444444444,0.3593104206562042,0.882,22.22320889999901,1106.722518300001
51,0.1,0.21671382687356736,0.9244666666666667,0.5539379426002502,0.8424,22.14955310000005,1128.8721937999999
52,0.1,0.22336921955214606,0.9224666666666667,0.3375990770339966,0.8884,22.1368491000012,1151.0091654000007
53,0.1,0.21894117538928987,0.9228222222222222,0.36000119948387144,0.889,22.193411299998843,1173.2088338000012
54,0.1,0.21729387761751812,0.9228666666666666,0.49178757038116455,0.8542,22.148637999998755,1195.363771800001
55,0.1,0.21626995366944207,0.9250444444444444,0.3735279472351074,0.8858,22.13800489999994,1217.5018944000003
56,0.1,0.21043264892813232,0.9256888888888889,0.5082965143203735,0.8532,22.262711400000626,1239.7647299
57,0.1,0.20944289399385452,0.9257777777777778,0.4509249949455261,0.8662,22.15238760000102,1261.9172439000013
58,0.1,0.21172811268170674,0.9266444444444445,0.3551288504600525,0.8876,22.202977500000998,1284.1203283000013
59,0.1,0.21147839792105888,0.9261333333333334,0.45214355750083923,0.8642,22.16378690000056,1306.2842292000005
60,0.1,0.20776406104829576,0.928,0.37400703754425046,0.8878,22.164980999999898,1328.4493316999997
61,0.1,0.21012468697230022,0.9258888888888889,0.40879954302310945,0.8802,22.25402540000141,1350.7034659
62,0.1,0.20914967856407166,0.9281333333333334,0.339332368850708,0.893,22.13463970000157,1372.8382249000006
63,0.1,0.19908592338230874,0.9306666666666666,0.4151061834812164,0.8826,22.13459630000034,1394.9789969000012
64,0.1,0.2024225498252445,0.9302,0.37584976959228517,0.8874,22.250343300000168,1417.229455300001
65,0.1,0.2050844798564911,0.9291555555555555,0.47938068618774415,0.8628,22.113564700001007,1439.3431364000007
66,0.1,0.20716749713917573,0.9276888888888889,0.3517528264045715,0.8868,22.146437899999,1461.4896905000005
67,0.1,0.2007153847800361,0.9301777777777778,0.5547700489044189,0.847,22.164273100001083,1483.6540726000003
68,0.1,0.20460989477899338,0.9296888888888889,0.37698587844371795,0.8894,22.113909199999398,1505.7680962000013
69,0.1,0.19656964620285564,0.9314666666666667,0.3158368821144104,0.9004,22.19213200000013,1527.9603489
70,0.1,0.19741564949883356,0.9308444444444445,0.4072412759780884,0.8724,22.128330199999255,1550.0948638999998
71,0.1,0.1987958724445767,0.9304,0.3593829591274261,0.8886,22.17857390000063,1572.2735583000012
72,0.1,0.20596983342170716,0.9276666666666666,0.8716632792472839,0.7792,22.30509610000081,1594.5787787999998
73,0.1,0.2062360213143958,0.9293555555555556,0.4188013465881348,0.8716,22.108713499999794,1616.687601900001
74,0.1,0.19715965054829915,0.9305333333333333,0.44560475263595584,0.8764,22.07575849999921,1638.763483300001
75,0.1,0.19740647513204151,0.9304222222222223,0.3342726270198822,0.8976,22.203167300000132,1660.9667728000004
76,0.1,0.1936008500152164,0.9333777777777778,0.33446015152931213,0.8918,22.144709899999725,1683.1115898999997
77,0.1,0.20218425096405876,0.9294666666666667,0.3573853754997253,0.8916,22.169964999999138,1705.2816729000006
78,0.1,0.1990081138451894,0.9308666666666666,0.4127368124008179,0.8824,22.478540600000997,1727.7603342000002
79,0.1,0.1945414903693729,0.9313777777777777,0.3468406888961792,0.8948,24.319586800000252,1752.0800402000004
80,0.1,0.1984939565234714,0.9296,0.32902419996261595,0.894,23.44559180000033,1775.5265461
81,0.1,0.19694866043196785,0.9315555555555556,0.31199349174499513,0.9054,25.5341114999992,1801.0607762
82,0.1,0.19246969136926864,0.9337777777777778,0.7423852986335754,0.8172,26.468019199999617,1827.5368591000006
83,0.1,0.19986901404857635,0.9300222222222222,0.3616311926841736,0.8926,26.17163360000086,1853.708609700001
84,0.1,0.19258815599017673,0.9327555555555556,0.37200448570251465,0.8878,26.78387289999955,1880.492612600001
85,0.1,0.19512423899438647,0.9300222222222222,0.317715514755249,0.9002,26.938346199998705,1907.4310697
86,0.1,0.19172099848985671,0.9334,0.2827953966617584,0.9134,26.198106400001052,1933.6292857999997
87,0.1,0.18989706777599122,0.9329333333333333,0.2939589991569519,0.9074,26.551994299999933,1960.1890359999998
88,0.1,0.187398745642768,0.9349777777777778,0.4067146202087402,0.882,27.12510790000124,1987.3142592000004
89,0.1,0.19788791660202873,0.9315111111111111,0.7397370141983032,0.7968,27.280660499998703,2014.5950831999999
90,0.1,0.20639163014623854,0.9285555555555556,0.37172481389045714,0.8868,26.805220599999302,2041.4004163000009
91,0.1,0.1912545437971751,0.9331555555555555,0.3879043839454651,0.8806,26.746787699999913,2068.1473239999996
92,0.1,0.18328332435290018,0.9362888888888888,0.33539765682220457,0.8944,26.76386570000068,2094.911301600001
93,0.1,0.18715504438082378,0.9346888888888889,0.3384156442642212,0.8956,25.517574499999682,2120.428990300001
94,0.1,0.19244754182696341,0.9322444444444444,0.33433425154685975,0.8938,26.29085849999865,2146.719963200001
95,0.1,0.18299241401619382,0.9350222222222222,0.43295984477996824,0.8718,25.68024340000011,2172.4003255000007
96,0.1,0.18974836523267957,0.9330666666666667,0.4998287002563477,0.8526,26.628750599998966,2199.0292124999996
97,0.1,0.18860591123104095,0.9347333333333333,0.3401588751792908,0.8928,26.109865100001116,2225.1391858999996
98,0.1,0.18606635175943376,0.9340888888888889,0.34729584608078,0.8994,25.34050500000012,2250.4798073
99,0.1,0.1856911882142226,0.9346444444444445,0.3622610547065735,0.8872,25.164218300000357,2275.644196700001
100,0.1,0.1832246194369263,0.9356666666666666,0.357964679145813,0.8934,26.05893069999911,2301.703244800001
101,0.1,0.18459806095229256,0.9359333333333333,0.5106817645072937,0.8584,24.74260999999933,2326.4459792
102,0.1,0.18801162750191158,0.9325777777777777,0.4073828995704651,0.8758,22.774213700000473,2349.2203061
103,0.1,0.18330706802209218,0.9358,0.4569258110046387,0.8736,24.874323000000004,2374.0947467000005
104,0.1,0.1857743419488271,0.9349111111111111,0.41188177852630614,0.8858,24.19745470000089,2398.2923133000004
105,0.1,0.18422575770484076,0.9347555555555556,0.3536223691940308,0.8952,25.94304379999994,2424.2354781000013
106,0.1,0.18904619642628565,0.9335333333333333,0.36018774735927583,0.8836,26.209962400000222,2450.445552500001
107,0.1,0.18494964890140625,0.9358222222222222,0.30518488616943357,0.905,26.73016259999895,2477.175828900001
108,0.1,0.18238555196391212,0.9358666666666666,0.45260278253555297,0.8714,26.13653720000002,2503.312476500001
109,0.1,0.1797316380865044,0.9369777777777778,0.30997326002120973,0.902,26.760881199999858,2530.0734709000008
110,0.1,0.17884365859561496,0.9362888888888888,0.3855255369186401,0.8848,26.205692699999418,2556.279273
111,0.1,0.1892065642701255,0.9340666666666667,0.36600757904052733,0.889,26.78656349999983,2583.0659539999997
112,0.1,0.18570703324211968,0.9352,0.37082757110595704,0.8876,26.500834899999973,2609.5669135000007
113,0.1,0.18893634199566312,0.9326888888888889,0.4546469343185425,0.867,26.335515799999484,2635.9025715000007
114,0.1,0.19564147233433193,0.9318666666666666,0.5192161836624145,0.8632,23.247020599999814,2659.1497194000003
115,0.1,0.18577101274066501,0.9348666666666666,0.42721099185943606,0.8724,21.967065799999546,2681.116906700001
116,0.1,0.18171251148647732,0.9368666666666666,0.47252495708465575,0.8634,21.96673119999832,2703.083748700001
117,0.1,0.18958089835908679,0.9341555555555555,0.31510931701660155,0.905,21.993675699999585,2725.0775529000002
118,0.1,0.18187178495195178,0.9370222222222222,0.41933958530426024,0.8762,22.020647699999245,2747.0983159000007
119,0.1,0.18501809239056374,0.9355111111111111,0.31906551151275636,0.903,21.97916819999955,2769.0775978
120,0.1,0.17573495019806756,0.938,0.4439355369567871,0.8688,22.020837899999606,2791.0985434000013
121,0.1,0.19069758348994784,0.9328888888888889,0.31822788419723513,0.8972,21.96100860000115,2813.0596700000006
122,0.1,0.18338949219385783,0.9355333333333333,0.6006245355606079,0.8352,22.02599139999984,2835.0857811000005
123,0.1,0.18416477643648782,0.9366888888888889,0.3539522919654846,0.8952,21.944978899999114,2857.030877000001
124,0.1,0.1801889644993676,0.9364666666666667,0.3843462252616882,0.8846,21.96007219999956,2878.9910676
125,0.1,0.18344996909035577,0.9357555555555556,0.5216702787399292,0.8488,21.920409599999402,2900.9115941
126,0.1,0.17975293865468767,0.9371333333333334,0.5375909026145935,0.8486,21.96535909999875,2922.877065300001
127,0.1,0.1842272885301047,0.9356666666666666,0.3782066347122192,0.887,21.979432000000088,2944.856616500001
128,0.1,0.17743750797907512,0.9382888888888888,0.3704607111930847,0.8842,21.998085000001083,2966.8548192
129,0.1,0.18813288759125604,0.9335777777777777,0.3577450985431671,0.8918,21.970587899999373,2988.8255152
130,0.1,0.18595554602411057,0.9349555555555555,0.4002034825325012,0.8856,21.977142300000196,3010.802779900001
131,0.1,0.17527937422063616,0.9381111111111111,0.43470551064014434,0.8762,22.01265919999969,3032.815559300001
132,0.1,0.1857856347401937,0.9352444444444444,0.3519163986206055,0.892,21.965789799998674,3054.781467500001
133,0.1,0.17574171057807075,0.9400666666666667,0.37519684019088745,0.8854,21.974587599999722,3076.756181500001
134,0.1,0.18626564698749118,0.9347333333333333,0.43075769186019897,0.87,22.003057500000068,3098.7593468000014
135,0.1,0.17602820181846618,0.9378888888888889,0.3363150794029236,0.8944,21.949734300000273,3120.7092051
136,0.1,0.17865242443879445,0.9385333333333333,0.37842221274375915,0.8838,21.975280599999678,3142.6846041999997
137,0.1,0.1840973712682724,0.9349333333333333,0.3870141570091248,0.8836,22.008168899999873,3164.6928952
138,0.1,0.1788939002722502,0.9376,0.3814760280609131,0.8874,21.988708699998824,3186.681714800001
139,0.1,0.17357764370176526,0.9394666666666667,0.4002682436466217,0.8826,22.02443250000033,3208.7062681999996
140,0.1,0.17946030897299448,0.9371777777777778,0.48632732334136963,0.8616,22.0259659000003,3230.7323542000013
141,0.1,0.17222313293086158,0.9404222222222223,0.43968975706100466,0.8812,21.978116500000397,3252.710593900001
142,0.1,0.1873296793023745,0.9349333333333333,0.33018663229942324,0.9004,22.013520399999834,3274.7242355
143,0.1,0.1736975068251292,0.9395333333333333,0.32667119417190554,0.8996,22.05605110000033,3296.780402300001
144,0.1,0.17458570473723942,0.9389777777777778,0.399661886548996,0.8862,21.895393400000103,3318.675907300001
145,0.1,0.17617509102556442,0.939,0.40573233680725096,0.8846,21.889432599999054,3340.5654587999998
146,0.1,0.17788875346316232,0.9382888888888888,0.3209563106536865,0.8998,21.857315399998697,3362.4228941
147,0.1,0.169010108505355,0.9400888888888889,0.45335290193557737,0.8692,21.919837299999926,3384.3428523000002
148,0.1,0.18129705902470483,0.9362666666666667,0.3233409709453583,0.8984,21.84530160000031,3406.1882720000012
149,0.1,0.1777796829064687,0.9371777777777778,0.3716907170295715,0.885,21.85653110000021,3428.0449245
150,0.1,0.17939468117952348,0.9376444444444444,0.4009960558891296,0.8844,21.850272300000142,3449.8953060000003
151,0.010000000000000002,0.08513405778408051,0.9716444444444444,0.20196711431741715,0.938,21.85306870000022,3471.748494200001
152,0.010000000000000002,0.05554188862178061,0.9829111111111111,0.19830804653167725,0.9394,21.832603900000322,3493.5868839000013
153,0.010000000000000002,0.04578976821170913,0.9864444444444445,0.1928151022672653,0.9398,21.813091100000747,3515.4074015000006
154,0.010000000000000002,0.03996600975957182,0.9882444444444445,0.2050647693872452,0.9408,21.820311100000254,3537.2338258
155,0.010000000000000002,0.03454807725391454,0.9900444444444444,0.20170720920562743,0.9416,21.917113899999094,3559.1563841999996
156,0.010000000000000002,0.0323480967849493,0.9907777777777778,0.20030912706851958,0.9412,21.837743899999623,3581.0013163000003
157,0.010000000000000002,0.029196668735146522,0.9917111111111111,0.2028298836827278,0.9446,21.82285000000047,3602.824289600001
158,0.010000000000000002,0.028064611265228856,0.9921555555555556,0.20874042660593986,0.9432,21.846774699999514,3624.677785
159,0.010000000000000002,0.024585361819300388,0.9932666666666666,0.21226373544335364,0.9408,21.865828000001784,3646.5437387
160,0.010000000000000002,0.022224347588585484,0.9939555555555556,0.20982279640436172,0.9448,21.915777199999866,3668.4597513999997
161,0.010000000000000002,0.021146224058005546,0.9941333333333333,0.21738545775413512,0.9444,21.81878350000079,3690.2858182
162,0.010000000000000002,0.021610377903282643,0.9941777777777778,0.22624669314026832,0.939,21.802101699999184,3712.088034300001
163,0.010000000000000002,0.020525119754672052,0.9944444444444445,0.22521397964954376,0.9416,21.826247399998465,3733.914388000001
164,0.010000000000000002,0.019208333627641613,0.9947111111111111,0.22145961229801178,0.9432,21.84422210000048,3755.7587203000003
165,0.010000000000000002,0.01569149689591593,0.9962,0.22237581368386747,0.944,21.817981599999257,3777.5768301000007
166,0.010000000000000002,0.015650814306073717,0.9963111111111111,0.22998873166441916,0.9416,21.801834100000633,3799.3787828000004
167,0.010000000000000002,0.017408397042171824,0.9950444444444444,0.23665530490875245,0.939,21.85898189999898,3821.237872200001
168,0.010000000000000002,0.014207388002259864,0.9967111111111111,0.22720984402894973,0.9424,21.86799979999887,3843.105993000001
169,0.010000000000000002,0.01469719817654954,0.9962,0.22638985752463342,0.9424,21.882397800000035,3864.9885090999996
170,0.010000000000000002,0.013406724009021289,0.9963555555555555,0.23411380655765535,0.9394,21.878991400000814,3886.8676159000006
171,0.010000000000000002,0.012369195983227756,0.9970666666666667,0.2359456723332405,0.9428,21.826570100000026,3908.6943042000003
172,0.010000000000000002,0.01162657860029075,0.9974888888888889,0.23058046332597731,0.9432,21.87641319999966,3930.5708464
173,0.010000000000000002,0.01188334463572052,0.9973333333333333,0.23737763302326204,0.9424,21.853372900000977,3952.4243337999997
174,0.010000000000000002,0.011111898572329018,0.9973555555555556,0.23608505934476853,0.943,21.82998839999891,3974.254444
175,0.010000000000000002,0.010765855006583863,0.9975555555555555,0.23889302951097488,0.9432,21.860076700000718,3996.1146437999996
176,0.010000000000000002,0.01124684830163088,0.9972,0.23684311325550078,0.9422,21.821158599999762,4017.9359209000013
177,0.010000000000000002,0.010454118584096431,0.9976444444444444,0.23631740533709525,0.9408,21.82517529999859,4039.7612169000004
178,0.010000000000000002,0.010724399949444664,0.9974222222222222,0.24022035888433457,0.9406,21.850611399999252,4061.611951500001
179,0.010000000000000002,0.010232388786309296,0.9978666666666667,0.23879173184037208,0.9416,21.829596599998695,4083.441676300001
180,0.010000000000000002,0.010423368749229445,0.9973777777777778,0.23362323478460312,0.9416,21.894036499999856,4105.3358343
181,0.010000000000000002,0.009441108572860766,0.998,0.2380222310423851,0.942,21.8362718999997,4127.172228700001
182,0.010000000000000002,0.009588308859119812,0.9978,0.23901824451684953,0.9412,21.896815100000822,4149.069166900001
183,0.010000000000000002,0.009507871806042062,0.9976444444444444,0.24770896000862122,0.9384,21.875055399999837,4170.944342800001
184,0.010000000000000002,0.009894132828464111,0.9976444444444444,0.24738478411138057,0.9406,21.821059899999455,4192.7655194
185,0.010000000000000002,0.009830628919228911,0.9975777777777778,0.24177089021801948,0.9394,21.823825299999953,4214.5894697
186,0.010000000000000002,0.010790164072025153,0.9970222222222223,0.23945652312934398,0.9426,21.84796180000012,4236.437537100001
187,0.010000000000000002,0.009549039655634098,0.9976666666666667,0.2390321170091629,0.9402,21.887239600000612,4258.324889700001
188,0.010000000000000002,0.010329760263611872,0.9975777777777778,0.24202702767252923,0.9422,21.863951199999065,4280.188959700001
189,0.010000000000000002,0.00870881205573678,0.9981555555555556,0.2483738400697708,0.941,21.848043800000596,4302.0371111
190,0.010000000000000002,0.008716588073472182,0.9982666666666666,0.24248753253519534,0.9422,21.813008099999934,4323.850238200001
191,0.010000000000000002,0.007565745628193771,0.9985555555555555,0.24268411519527436,0.9394,21.841973900000085,4345.692349300001
192,0.010000000000000002,0.007811766117107537,0.9983333333333333,0.2460478057384491,0.9418,21.82932019999862,4367.521790300001
193,0.010000000000000002,0.008851212111218936,0.9980222222222223,0.23838276450634002,0.9418,21.828379399999903,4389.350296800001
194,0.010000000000000002,0.008950790084774295,0.9977111111111111,0.2409177027106285,0.9416,21.86174469999969,4411.2121475
195,0.010000000000000002,0.009560196547541354,0.9974222222222222,0.24719702128171922,0.9424,21.882513199998357,4433.094777800001
196,0.010000000000000002,0.00801915846678118,0.9981333333333333,0.24381348558664323,0.9444,21.84786290000011,4454.942759
197,0.010000000000000002,0.007773571713682678,0.9983555555555556,0.2505897322595119,0.9438,21.86853929999961,4476.811413700001
198,0.010000000000000002,0.009823028151608175,0.9976888888888888,0.25056006445884704,0.9448,21.826397999999244,4498.637923300001
199,0.010000000000000002,0.007739056458986468,0.9984666666666666,0.2565184937894344,0.941,21.866661300000487,4520.5047034
200,0.010000000000000002,0.010950609708536002,0.9969333333333333,0.24202052099704743,0.9432,21.891571099999055,4542.396392000001
201,0.010000000000000002,0.007644883909521417,0.9984888888888889,0.24653132728338242,0.9412,21.82837969999855,4564.2248958
202,0.010000000000000002,0.008260447937374314,0.998,0.24324542170763017,0.9416,21.83086579999872,4586.055880900001
203,0.010000000000000002,0.007873065670150229,0.9981555555555556,0.2465057366013527,0.9394,21.85046610000063,4607.9064693
204,0.010000000000000002,0.00799055723440316,0.9982666666666666,0.25652899827957154,0.9422,21.81647350000094,4629.723070100001
205,0.010000000000000002,0.00867161906634768,0.9977777777777778,0.2581236746907234,0.939,21.95636110000123,4651.679549500001
206,0.010000000000000002,0.008688669792086713,0.9977333333333334,0.25589097135066985,0.9388,21.843830399999206,4673.5234998
207,0.010000000000000002,0.008926474393159151,0.9979111111111111,0.24937280139923096,0.942,21.84690810000029,4695.370518600001
208,0.010000000000000002,0.007389777298561401,0.9985555555555555,0.25305210235118863,0.9404,21.837195399999473,4717.207831900001
209,0.010000000000000002,0.007679614337161183,0.9982888888888889,0.2515466771602631,0.939,21.86277759999939,4739.0707336
210,0.010000000000000002,0.0074481368964331015,0.9981111111111111,0.26599309811592103,0.9368,21.86420419999922,4760.935057800001
211,0.010000000000000002,0.007951372541901138,0.9980222222222223,0.24680196365118026,0.942,21.864889000000403,4782.8000679
212,0.010000000000000002,0.007496889988374379,0.9985111111111111,0.2534472885370255,0.9412,21.8246951000001,4804.624887400001
213,0.010000000000000002,0.0070714843860723905,0.9986444444444444,0.2609082285404205,0.939,21.909426500000336,4826.5344284
214,0.010000000000000002,0.008367160307947132,0.9979555555555556,0.26797512138485907,0.9386,21.912663000000975,4848.4472124
215,0.010000000000000002,0.008640345180324383,0.9980444444444444,0.26847906546592715,0.9394,21.838203900000735,4870.2855249
216,0.010000000000000002,0.007841133875896533,0.9984,0.255873126834631,0.9394,21.862851699999737,4892.1485144
217,0.010000000000000002,0.0071505407181258005,0.9985777777777778,0.2587246970653534,0.9406,21.846813599999223,4913.9954519
218,0.010000000000000002,0.00803248026325471,0.9984666666666666,0.2654674017906189,0.9406,21.872270600000775,4935.8678444
219,0.010000000000000002,0.011279386490335067,0.9973111111111111,0.2633373830974102,0.9416,21.818910300000425,4957.6868765
220,0.010000000000000002,0.0093216408331775,0.9978444444444444,0.2609509253025055,0.9404,21.84406570000101,4979.531062400001
221,0.010000000000000002,0.013703823588043451,0.9964,0.2529658688902855,0.9422,21.89899879999939,5001.430174200001
222,0.010000000000000002,0.00902319806049733,0.9981111111111111,0.2575848961532116,0.9402,21.9188393000004,5023.349119
223,0.010000000000000002,0.008418640826228592,0.9981111111111111,0.31944932634830475,0.9294,21.834895100000722,5045.1841269
224,0.010000000000000002,0.01599925702721812,0.9952888888888889,0.2588352402448654,0.939,21.905071700000917,5067.0893115
225,0.010000000000000002,0.009658099910347826,0.9976888888888888,0.2627579160094261,0.9398,21.828642300000865,5088.9180755
226,0.0010000000000000002,0.00741111270085805,0.9982666666666666,0.24868028203248976,0.9424,21.831063400000858,5110.749247600001
227,0.0010000000000000002,0.0061305318452831775,0.9985777777777778,0.24097849736213683,0.9432,21.851067499999772,5132.600443200001
228,0.0010000000000000002,0.005911465800781217,0.9986444444444444,0.24323173990249633,0.9446,21.89050010000028,5154.4910607
229,0.0010000000000000002,0.005152421020116243,0.9992444444444445,0.24077324488759042,0.9442,21.968292999999903,5176.4594832
230,0.0010000000000000002,0.004561111198536431,0.9992888888888889,0.2438804602742195,0.9432,21.93569110000135,5198.3952974
231,0.0010000000000000002,0.004493701239965028,0.9992888888888889,0.24017560315132142,0.9432,21.844113900000593,5220.2395177
232,0.0010000000000000002,0.00451948173975365,0.9992444444444445,0.2356638256251812,0.9434,21.808339299999716,5242.047967100001
233,0.0010000000000000002,0.004436758424196806,0.9991111111111111,0.23934800955057145,0.9426,21.8558907000006,5263.9039827
234,0.0010000000000000002,0.004208241921518412,0.9992666666666666,0.235843842792511,0.9432,21.88133209999978,5285.7854374
235,0.0010000000000000002,0.003924304655463331,0.9992888888888889,0.23435634002685546,0.9416,21.815689900000507,5307.6012462
236,0.0010000000000000002,0.003500819931510422,0.9995777777777778,0.24038837673068048,0.9434,21.830013800001325,5329.4313795
237,0.0010000000000000002,0.0038564050826761457,0.9995333333333334,0.23613962831497193,0.9428,21.814125599999898,5351.2456329
238,0.0010000000000000002,0.003790517449420359,0.9994444444444445,0.23485880608558654,0.9448,21.91352790000019,5373.1592702
239,0.0010000000000000002,0.003527443303157472,0.9995333333333334,0.23645915809869766,0.9442,21.826180100000784,5394.9855766
240,0.0010000000000000002,0.0035025715271631876,0.9996,0.23579886080026627,0.9444,21.837914900001124,5416.823612100001
241,0.0010000000000000002,0.0034252611759843098,0.9996444444444444,0.23300956252217292,0.944,21.86233429999993,5438.6860719
242,0.0010000000000000002,0.003660012830214368,0.9994888888888889,0.2383097464799881,0.9444,21.82894320000014,5460.515134500001
243,0.0010000000000000002,0.003620855844434765,0.9994666666666666,0.23477928490638733,0.9436,21.84509419999995,5482.3603506
244,0.0010000000000000002,0.003707700857375231,0.9994666666666666,0.23710951013565063,0.9444,21.85745769999994,5504.2179335
245,0.0010000000000000002,0.0036148227852148313,0.9994666666666666,0.23527368026971818,0.944,21.873030200000358,5526.091093500001
246,0.0010000000000000002,0.0035674029115794433,0.9994444444444445,0.24030107184648514,0.945,21.89269720000084,5547.9839097
247,0.0010000000000000002,0.003222160511691537,0.9996888888888888,0.23530584777593613,0.9452,21.842200299999604,5569.8328666
248,0.0010000000000000002,0.002994782714980344,0.9997111111111111,0.2387009733259678,0.9442,21.830526100000498,5591.670738800001
249,0.0010000000000000002,0.003194946180573768,0.9996888888888888,0.2381749104142189,0.9442,21.827153799998996,5613.4980122
250,0.0010000000000000002,0.0031237710984837676,0.9996888888888888,0.23757042363286018,0.9446,21.837051800001063,5635.335183900001
251,0.0010000000000000002,0.002962002045888868,0.9997333333333334,0.23390810639858245,0.945,21.823127999999997,5657.158425600001
252,0.0010000000000000002,0.003214606502445208,0.9996444444444444,0.23716338695287703,0.9442,21.812497099999746,5678.971027100002
253,0.0010000000000000002,0.0032310968340064088,0.9995111111111111,0.2338231758415699,0.9428,21.82273009999699,5700.793878000002
254,0.0010000000000000002,0.003480232658340699,0.9995111111111111,0.23570774402618408,0.943,21.840468999998848,5722.6344543
255,0.0010000000000000002,0.003085109233861375,0.9996222222222222,0.2303961010456085,0.9436,21.87205559999711,5744.506627200002
256,0.0010000000000000002,0.0028235816202229922,0.9997333333333334,0.23821077436208726,0.9428,21.84199329999683,5766.348738999999
257,0.0010000000000000002,0.0030797268478613762,0.9996,0.24120453250408172,0.9428,21.823697899999388,5788.1725565
258,0.0010000000000000002,0.003008238396441771,0.9997555555555555,0.23728469399213792,0.9438,21.795190400000138,5809.967864
259,0.0010000000000000002,0.0031762110108095737,0.9996,0.23864879160523414,0.944,21.81072530000165,5831.778704300001
260,0.0010000000000000002,0.00292941984159665,0.9997333333333334,0.23142051858305931,0.9462,21.847816299999977,5853.626645500002
261,0.0010000000000000002,0.003116309527783758,0.9996888888888888,0.23118861248493194,0.9476,21.793549599999096,5875.425563999999
262,0.0010000000000000002,0.003057256071621345,0.9997111111111111,0.23305624251365661,0.943,21.864039199997933,5897.296659900001
263,0.0010000000000000002,0.0025306439423830145,0.9997333333333334,0.2365991370201111,0.944,21.89510220000011,5919.1918824
264,0.0010000000000000002,0.0032459602439776063,0.9996,0.2333393771111965,0.9428,21.836704299999838,5941.028707200001
265,0.0010000000000000002,0.002823498337922825,0.9997555555555555,0.23919072505831718,0.9436,21.848793200002547,5962.8776161000005
266,0.0010000000000000002,0.002537102098349068,0.9998444444444444,0.23870352162122727,0.9442,21.86667630000011,5984.7444118
267,0.0010000000000000002,0.0026302804154654342,0.9998,0.23407381781339645,0.944,21.82780620000267,6006.572335999999
268,0.0010000000000000002,0.002561788595985207,0.9997777777777778,0.23664483841061593,0.9446,21.83089469999686,6028.403359000002
269,0.0010000000000000002,0.0028675714515770476,0.9995777777777778,0.2388723186969757,0.944,21.814250400002493,6050.217729400001
270,0.0010000000000000002,0.0025040421358620128,0.9998444444444444,0.23984120292663574,0.9444,21.839069099998596,6072.056918700002
271,0.0010000000000000002,0.002781206057179305,0.9997555555555555,0.2362994995832443,0.9444,21.94142379999903,6093.998451699999
272,0.0010000000000000002,0.002698456901311874,0.9997111111111111,0.23767215909957887,0.943,21.84304390000034,6115.841621500002
273,0.0010000000000000002,0.0030983231189764208,0.9996,0.23679944269657136,0.942,21.827052799999365,6137.668797799999
274,0.0010000000000000002,0.0028378869326578246,0.9998,0.23538403375148773,0.9436,21.849964799999725,6159.5188803
275,0.0010000000000000002,0.003114279319615,0.9995111111111111,0.23455006161332131,0.9444,21.83942500000194,6181.358423600001
276,0.0010000000000000002,0.002875642017285443,0.9996888888888888,0.23744821578264236,0.9454,21.851576699998986,6203.210124200001
277,0.0010000000000000002,0.002593868477911585,0.9997777777777778,0.2405751841187477,0.944,21.80476649999764,6225.015017200001
278,0.0010000000000000002,0.002546136440957586,0.9998444444444444,0.23535355452299117,0.9444,21.827245599997696,6246.8423819
279,0.0010000000000000002,0.002529140260603324,0.9997555555555555,0.23895534991025924,0.9446,21.950699400000303,6268.7932126
280,0.0010000000000000002,0.002557314368109736,0.9997777777777778,0.2436504963517189,0.9434,21.84359399999812,6290.636923399999
281,0.0010000000000000002,0.0025371679133528637,0.9997333333333334,0.24170644692778587,0.9444,21.876494600001024,6312.5135364
282,0.0010000000000000002,0.0024605131565800143,0.9997777777777778,0.2359819067746401,0.9444,21.846642200001952,6334.360306700002
283,0.0010000000000000002,0.0024659979932217134,0.9998444444444444,0.23283356175422668,0.9428,21.850280999999086,6356.210706399999
284,0.0010000000000000002,0.002301262413079126,0.9998222222222222,0.23532936574816704,0.9436,21.83685279999918,6378.047680400001
285,0.0010000000000000002,0.0023670268460901246,0.9998222222222222,0.2372967372894287,0.9438,21.865191500000947,6399.9129938999995
286,0.0010000000000000002,0.0024915473682598937,0.9998,0.24177940435409545,0.9418,21.85256970000046,6421.7656702
287,0.0010000000000000002,0.0023259246623350514,0.9997555555555555,0.23825566215515137,0.9436,21.867100600000413,6443.632882100001
288,0.0010000000000000002,0.0026773929172298973,0.9997333333333334,0.23844338505864143,0.9422,21.947882899999968,6465.580889499999
289,0.0010000000000000002,0.0024669028957762444,0.9998222222222222,0.23491343293190003,0.943,21.864535600001545,6487.445534100001
290,0.0010000000000000002,0.002423910800760819,0.9998,0.23343138008117675,0.9414,21.857337199999165,6509.302988500001
291,0.0010000000000000002,0.002418352007990082,0.9998666666666667,0.2360120519399643,0.9442,21.923558900001808,6531.226666299999
292,0.0010000000000000002,0.00237396494174997,0.9997777777777778,0.23572592214345933,0.945,21.920144799998525,6553.1469234000015
293,0.0010000000000000002,0.002404175818608039,0.9998,0.23599128766059876,0.9444,21.86014690000229,6575.0071904000015
294,0.0010000000000000002,0.002425504825160735,0.9997777777777778,0.2398590349793434,0.9444,21.850288899997395,6596.857584899999
295,0.0010000000000000002,0.002540130940472914,0.9997333333333334,0.23872135013341902,0.9444,21.847387300000264,6618.705093800001
296,0.0010000000000000002,0.002496822408121079,0.9996888888888888,0.2376533413887024,0.9436,21.930832699999883,6640.6360429
297,0.0010000000000000002,0.0024160901684934896,0.9997555555555555,0.2386301783502102,0.9446,21.88448829999834,6662.5206557
298,0.0010000000000000002,0.00246706395747347,0.9996666666666667,0.23823535724878311,0.9434,21.875331999999617,6684.396107999999
299,0.0010000000000000002,0.0023508953738543724,0.9998666666666667,0.2421451798915863,0.9436,21.82672420000017,6706.222939100002
300,0.0010000000000000002,0.002363725468288693,0.9997777777777778,0.24116134853363036,0.9448,21.91550350000034,6728.1385651
